onset	duration	trial_type	value	sample
10	5.0	feet	1	5120
20.791016	5.0	right_hand	2	10645
31.625	5.0	feet	1	16192
42.332031	5.0	right_hand	2	21674
52.427734	5.0	right_hand	2	26843
62.699219	5.0	right_hand	2	32102
72.982422	5.0	feet	1	37367
83.109375	5.0	right_hand	2	42552
93.519531	5.0	right_hand	2	47882
104.335938	5.0	feet	1	53420
114.779297	5.0	feet	1	58767
125.304688	5.0	feet	1	64156
135.726562	5.0	feet	1	69492
146.507812	5.0	right_hand	2	75012
157.21875	5.0	feet	1	80496
167.853516	5.0	right_hand	2	85941
178.066406	5.0	feet	1	91170
189.066406	5.0	feet	1	96802
199.484375	5.0	right_hand	2	102136
210.220703	5.0	right_hand	2	107633
